ID,Item,Product Information,Current Stock,Selling Price,Expiry Date
GH-000017,BEAUTY FORMULA FEMININE WASH (GENTLE) 250ML,"Beauty Formulas an effective facial scrub formulated with Activated Charcoal. The micro ground Apricot seeds work to exfoliate the skin, whilst the magnet-like power of Charcoal absorbs impurities. Designed to deeply cleanse, leaving you feeling fresher and healthier.",3,GHC16.00,
GH-000019,NEUTROGENA (VISIBLY CLEAR) WASH 200ML,Neutrogena® Oil-Free Acne Wash Facial Cleanser is an alcohol free cleanser that provides deep cleansing without over-drying your skin. This face wash penetrates deep to clean pores to help prevent pimples by removing excess oil and surface buildup.,1,GHC59.00,
GH-000020,NEUTROGENA (VISIBLY CLEAR) FACE TONER-200ML,"Add our gentle toner to your skin care routine for clean, healthy looking skin. Our specially formulated, oil-free Alcohol-Free Face Toner refreshes skin without stripping its own natural moisturizers, so you can get a clean, refreshing toning experience without the harsh drying effects of alcohol. Plus, special mild purifiers gently remove impurities and reconditions skin. Your skin will feel fresh and clean, without tightness, dryness or stinging. .",1,GHC59.00,
GH-000023,PALMER'S SKIN SUCCESS (ANTI-DARK SPOT) TONER-250ML,"Gently removes impurities
Brightens complexion
Leaves skin clean, refreshed and luminous
Free of sulfates, parabens, phthalates",1,GHC55.00,
GH-000024,BODYCOLOGY (SCARLET KISS) SPLASH 237ML,"An irresistible and attractive mysterious accents makes this perfume a must have,Features a refreshing & long lasting fragrance,Long Lasting Body mist for women.",1,GHC30.00,
GH-000028,BODYCOLOGY (TOASTED SUGAR) SPLASH 237ML,"The warm blend of vanilla, brown sugar and sensual amber creates a cozy, comforting scent Conditioning and hydrating honey and aloe vera.",1,GHC30.00,
GH-000039,VASELINE (ALOE VERA) OINTMENT 100ML,"Petroleum jelly (also called petrolatum) is a mixture of mineral oils and waxes, which form a semisolid jelly-like substance. ... Petroleum jelly's benefits come from its main ingredient petroleum, which helps seal your skin with a water-protective barrier. This helps your skin heal and retain moisture.",2,GHC11.00,11-2022
GH-000030,VASELINE LOTION (HEALTHY EVEN TONE) 400ML,"Vaseline®Intensive Care™Even Tone Body Lotion leaves skin feeling and looking moisturised
Relieves dry skin and protects against sun damage
Light, fast absorbing moisturising lotion with a non-greasy feel
Vaseline®'s hydrating body lotion calms and soothes dry skin leaving your skin feeling moisturised",1,,05-2022
GH-000031,EVERSHEEN LOTION 500ML,Lotion helps relieve streched skin during and after pregnancy. Helps prevent stretch marks. Soothes and softens dry irritated chapped or sun-burned skin.,2,,
GH-000032,EVERSHEEN LOTION 250ML,Lotion helps relieve streched skin during and after pregnancy. Helps prevent stretch marks. Soothes and softens dry irritated chapped or sun-burned skin.,3,,
GH-000033,TANDRINA LOTION 500ML,Add more shine to skin. Multi-active body lotion. Soothes and Softens skin. Makes skin looks fresh and beautiful,2,GHC14.00,12-2023
GH-000034,TANDRINA CREAM 250ML,Add more shine to skin. Multi-active body lotion. Soothes and Softens skin. Makes skin looks fresh and beautiful,1,,01-2023
GH-000035,CHOCHO CREAM TUBE 32g,"Essential for facial spots, razor bumps, eczema, boils and foot rot",5,GHC7.00,01-2023
GH-000038,MERCY OINTMENT 320G,"Mercy ointment is a very good skin and hair product from Ghana. It protects and enhances natural skin beauty and also effective for skin rashes, ringworm, eczema, skin blemishes and liver spots. It is good for itchy scalp and bad dandruffs.",2,GHC7.00,09-2023
GH-000039,VASELINE (ORIGINAL) OINTMENT 100ML,"Petroleum jelly (also called petrolatum) is a mixture of mineral oils and waxes, which form a semisolid jelly-like substance. ... Petroleum jelly's benefits come from its main ingredient petroleum, which helps seal your skin with a water-protective barrier. This helps your skin heal and retain moisture.",2,GHC11.00,10-2022
GH-000040,VASELINE (ORIGINAL) OINTMENT 250ML,"Petroleum jelly (also called petrolatum) is a mixture of mineral oils and waxes, which form a semisolid jelly-like substance. ... Petroleum jelly's benefits come from its main ingredient petroleum, which helps seal your skin with a water-protective barrier. This helps your skin heal and retain moisture.",3,GHC19.00,11-2022
GH-000042,VALDERMA SOAP 100g,"Valderma® Antibacterial Soap contains an effective antibacterial agent that helps to keep your skin clear, clean and free from spots. Contains glycerin for soft, healthy-looking skin. Use as part of your daily skin care regime.",1,GHC20.00,05-2022
GH-000043,TURA SOAP 65G,"Gently cleanses and tones to help protect against body odour, skin infections, spots & pimples and keep skin feeling fresh, healthy and beautiful. Ingredients Soap Base, 0.28% Triclosan, Vitamin E, Allantoin, Glycerine ETDA, Sodium Silicate, Perfume, Colour, Minimum Total Fatty Matter 70%. ..",1,GHC8.00,11-2022
GH-000044,ACNE CLEAR SOAP 100G,"relate to pimples and acne blemish. It help to restore the skin to a clearer and softer texture without any irritations. The unique anti-acne cleanser is formulated with a combination of tea tree acne-fighting ingredient to help give you clear, looking skin.",3,GHC8.00,
GH-000045,REXONA (INVISIBLE AQUA) DEO SPRAY 200ML,"All-Day Protection. Contains extracts of natural cotton, an ingredient known for its dryness, freshness and softness. Fresh Floral Scent",1,GHC15.00,
GH-000046,SURE (ANTIBACTERIAL) DEO SPRAY 250ML,"A delightful blend of mandarin buds, airy cotton, and transparent musk notes create this iconic scent, that you know and trust. SURE Regular Scent Aerosol gives you the proven defense against odor and wetness that won't stop when you want to keep going.",1,GHC28.00,
GH-000047,ASANTEE SOAP 125G,"Asantee papaya kojic & honey plus herbal soap whitening bright skin (made in thailand) asantee herbal thailand lightening soap deterring acne, wrinkles and aging. The papaya kojic extract is very powerful for skin lightening and removing dark spots. However, most people don T realize that it is not just a skin lightening soap or a dark spot eraser. There are many other skin conditions or problems that papaya kojic can",18,GHC11.00,07-2025
GH-000052,QUEEN ELIZABETH (COCOA BUTTER) LOTION 800ML,"A blend of natural cocoa butter and pure lanolin in anon greasy moisturizing base. Helps protect skin from the sun; excellent for skin overexposed to sun or wind. Helps restore and control essential moisture balance, and prevent dry skin wrinkles, lines and ""crow's feet"". Soothes and softens  dry irritated  chapped or sun-burned skin. Also helps relieve stretched skin during and after pregnancy.",2,GHC19.00,11-2023
GH-000053,BEAUTY SECRETS (BLAK SOAP + SHEA BUTTER) 350G,"Eliminates Fungal Skin Infections,Soothes Razor Bumps,Helps Fade Acne Scars,Unclogs Blocked Pores,Evens Out Dark Spots,Minimizes Fine Lines & Wrinkles,Reduces Oily Skin,Calms Psoriasis,Fights Facial & Body Acne,Reduces Blemishes & Dark Spots,Soothes & Heals Eczema,Good for Sensitive Skin Types,Cleanses and nourishes hair and skin.",2,GHC18.00,7-2022
GH-000055,BEAUTY SECRETS (BLACK SOAP + TURMERIC +TEA TREE + SHEA BUTTER) 350G,"Turmeric enhances the anti-inflammatory, acne fighting, healing properties of black soap, and promotes brighter, glowing skin. This much-loved bar of soap is recommended for the improvement of dark circles and scars, acne, psoriasis, and to promote radiant skin.",1,GHC24.00,1-2024
GH-000056,BEAUTY SECRETS (BLACK SOAP + SHEA BUTTER) BAR SOAP 142G,"Properties: Deep cleanses and moisturizes skin. Great for alleviating acne prone and blemished skin. ... Enriched with natural, skin softening Shea Butter naturally rich in Vitamin A and leaving your skin radiant.",4,GHC8.00,
GH-000057,BEAUTY SECRETS (SHEA BUTTER) CREAM 200ML,"100% natural, unrefined and premium shea butter from Ghana. Offers rich shea moisture from the crown of your hair to the sole of your feet. Naturally rich in vitamin A and E, Beauty Secrets shea butter helps reduce the appearance of fine lines and scars and improves the elasticity of the skin.",1,GHC17.00,12-2022
GH-000058,BEAUTY SECRETS (COCOA BUTTER) CREAM 200ML,"Cocoa butter hydrates and nourishes skin and hair while delivering the distinct scent of premium cocoa butter. ... Cocoa butter is known for its properties of the improvement of stretch marks, scars, skin tone, and elasticity of skin. Works super well as an over-night foot softener.",2,GHC17.00,12-2022
GH-000060,PARIDOX (BLACK SOAP + SHEA BUTTER + MORINGA) 500G ,"Paridox Alata Samina is made from the choicest of dried cocoa pods, coconut oil and shea butter. ... Coconut oil ensures the strengthening of your hair due to its low molecular weight which easily gets to the base of the hair shaft to support its growth.",1,GHC15.00,1-2023
GH-000061,PARIDOX (LEMON) BLACK BAR SOAP 150G,"It's made from the choicest of cocoa pods, coconut oils, shea butter and palm kernel oil. Use this product to stimulate your skin's renewal process to give it a youthful look. Effective as conditioning shampoo for natural hair, dreadlocks and refreshed bathing. Effective against pimples and acne. (in this case apply on your face 10 minutes each time before you bath). Clears the skin of any rashes. etc.",8,GHC8.00,10-2022
GH-000062,QUEEN ELIZABETH (COCOA BUTTER) LOTION 400ML,"A blend of natural cocoa butter and pure lanolin in anon greasy moisturizing base. Helps protect skin from the sun; excellent for skin overexposed to sun or wind. Helps restore and control essential moisture balance, and prevent dry skin wrinkles, lines and ""crow's feet"". Soothes and softens  dry irritated  chapped or sun-burned skin. Also helps relieve stretched skin during and after pregnancy.",1,GHC15.00,9-2023
GH-000063,JOHNSON BABY POWDER 500G,"It keeps skin comfortable, dry & feeling soft. With a clean, classic scent, this baby powder formula glides over your baby’s skin and leaves it feeling delicately soft and dry while providing soothing and healthy comfort.",1,GHC32.00,
GH-000064,JOHNSON BABY LOTION 500ML,"Johnson's baby moisturizing lotion with coconut oil hydrates and nourishes your little one's skin and provides a full 24 hours of dry skin relief.
The improved formula of this nourishing baby body lotion is 100% gentle and free of dyes, parabens, phthalates and harsh fragrances making it great for baby's delicate skin.
baby lotion is specifically designed for baby's unique and delicate skin and is both hypoallergenic and pediatrician-tested for gentle moisturizing.",1,GHC32.00,
GH-000070,MAYBELLINE (SMOKY TAUPE) NUDE LIPSTICK,Ink your lips in up to 16 hours of saturated matte with Maybelline New York's Super Stay Matte Ink™ Liquid Lipstick! ... The formula is long-lasting and gives a flawless matte finish in 40 super-saturated shades ranging from classic red liquid lipstick to nude and bold bright lipstick shades.,1,GHC49.00,
GH-000071,MAYBELLINE (VIVID ROSE) LIPSTICK,"Hypercolor Pigments And An Opaque, Creamy Clay Base Deliver One-Stroke Intensity. Sumptuous Honey Nectar Leaves A Creamy Finish. Maybelline’S Color Sensational The Loaded Bolds Is Available In A Range Of Pigment-Loaded Shades From Deep Plums And Electric Blues To Vibrant Reds And Natural Nudes. Dermatologist Tested. Allergy tested",1,GHC45.00,
GH-000072,MAYBELLINE (FIERY FUCHSIA) LIPSTICK,"Hypercolor Pigments And An Opaque, Creamy Clay Base Deliver One-Stroke Intensity. Sumptuous Honey Nectar Leaves A Creamy Finish. Maybelline’S Color Sensational The Loaded Bolds Is Available In A Range Of Pigment-Loaded Shades From Deep Plums And Electric Blues To Vibrant Reds And Natural Nudes. Dermatologist Tested. Allergy tested",1,GHC45.00,
GH-000073,DIPROSONE LOTION 30ML,"Diprosone Lotion is indicated for eczema and dermatitis of all types affecting the scalp including atopic eczema, photodermatitis, primary irritant and allergic dermatitis, lichen planus, lichen simplex, discoid lupus erythematosus, erythroderma. It is also indicated for psoriasis of the scalp.",2,GHC6.00,10-2022
GH-000074,COLOUR ME (PINK ) SPRAY 50ML,"LUXURY FRAGRANCE - Since 1975, Milton-Lloyd have earned an unshakeable reputation for award-winning, luxury fragrances without the luxury price tag. ELEGANT, RICH AND FRUITY - Fresh, top notes of bergamot and watermelon are boosted by floral mid notes of jasmine rose and violet, with base notes of oakmoss, amber and precious patchouli. LONG LASTING - Colour Me Purple contains luxury oils, blended at high concentrations to promise outstanding quality and long-lasting performance. THE COLOUR ME COLLECTION - A trending collection of luxury fragrances and aftershaves by Milton-Lloyd. GENUINE MILTON-LLOYD PRODUCT - Milton-Lloyd works with the world's leading perfumers, using the finest oils, blended at high concentrations to create sophisticated, long lasting, luxury fragrances.
",1,GHC22.00,09-2024
GH-000075,QUEEN ELIZABETH CREAM B/S  500ML,"A blend of natural cocoa butter and pure lanolin in anon greasy moisturizing base. Helps protect skin from the sun; excellent for skin overexposed to sun or wind. Helps restore and control essential moisture balance, and prevent dry skin wrinkles, lines and ""crow's feet"". Soothes and softens  dry irritated  chapped or sun-burned skin. Also helps relieve stretched skin during and after pregnancy.",4,GHC19.00,10-2023
GH-000076,QUEEN ELIZABETH CREAM M/S 250ML,"A blend of natural cocoa butter and pure lanolin in anon greasy moisturizing base. Helps protect skin from the sun; excellent for skin overexposed to sun or wind. Helps restore and control essential moisture balance, and prevent dry skin wrinkles, lines and ""crow's feet"". Soothes and softens  dry irritated  chapped or sun-burned skin. Also helps relieve stretched skin during and after pregnancy.",4,GHC15.00,01-2024
GH-000086,FINEFINE OINTMENT,"Helps with skin rashes, itchness, odor, pimples, razor pumps, gives a clearer skin without bleaching.it's good for foot rot,waist pains,body pain,headache and rheumatism.",3,GHC5.00,NA
GH-000089,HILADY WASH 50ML,"Hi lady virgin intimate wash is a purely natural herbal formular. It is featured by no side effect. *Keep natural balance and prevent dryness. You can get it from all herbal, pharmacy and cosmetic shops.",4,GHC18.00,05-2022
GH-000092,JOHNSON BABY OIL 200ML,"Our Johnson's baby oil locks in up to 10 times more moisture *on wet skin than an ordinary lotion can on dry skin, leaving your baby's skin soft and smooth. It is clinically proven to help prevent excess moisture loss. This gentle baby mineral oil is easy to spread, so it's great for baby massage.",2,GHC16.00,NA
GH-000094,KAMACLOX MOUTHWASH 300ML,"Kamaclox is a germicidal mouthwash that reduces bacteria in the mouth. Kamaclox is used to treat gingivitis (swelling, redness, bleeding gums).",6,GHC9.50,05-2022
GH-000099,UVA TUMERIC BAR SOAP 125G,Turmeric is a known antiseptic an skin vitalizer. Holy Basil adds anti-ageing advantage. Use UVA Turmeric soap on your face and body for healthy and radiant skin.,12,GHC9.00,02-2024
GH-000100,UVA BLACK BAR SOAP 125G,"It is rich in many essential fatty acids, vitamins and minerals. Now discover its wonders in black seed enriched Uva Vasu Black Seed soap for effective nourishment & protection of skin by preventing inflammation and scar formation. Get your skin toned and softened naturally with Black Seed Soap.",12,GHC9.00,02-2024
GH-000102,CAROTONE LOTION S/S 215ml,"Rejuvenates dull and damaged skin. It gives you beautiful, much brighter and more luminous skin. It contains pure carrot oil, works gently and effectively to unify and clarify the skin",1,GHC12.00,NA
GH-000103,FRUISIER SHOWER GEL UV WHITE GOAT'S MILK 1000ML,"Cleanses, whitens and prromotes an even skin tone every time you shower, leaving skin soft, smooth and protected daily.
Fruiser Shower Cream . Goat's Milk with UV Whitening helps support a brighter complexion and skin tone as it provides UV protection.
Formulated with the goodness of Goat's Milk for smooth, fair and radiant skin.
Goat's Milk helps soothe and moisturise skin.",1,GHC33.00,10-2022
GH-000114,PARADISE POWDER 200G,"Targets dark spots, age spots, uneven skin tone; Balances uneven skin tone and discoloration
Helps improve skin suppleness and elasticity",1,GHC9.00,06-2022
GH-000117,SIVODERM CREAM 80G,"Sivoderm Beauty Lotion protects the skin against daily aggressions. skin from black heads, acne spots beautifying it. Fights against Acne, Blackheads, Blotches, Eczema, Irritation, Itching.",4,GHC7.00,05-2022
GH-000118,SIVODERM POWDER 70G,"SIVODERM Care Talc refreshes your skin and helps you fight acne, blackheads, eczema, blisters, scabs, fungus, itchy skin and foot. Clean the targeted area with SIVODERM® antimicrobial soap and lukewarm water. Pour liberally the talc onto the targeted area and massage gently. Do not use onto under 6-year-children.",2,GHC7.00,NA
GH-000349,ECO STYLING GEL 236ml ARGAN OIL,"Olive oil helps your scalp naturally regulate its own moisturizing system. It helps attract moisture to the scalp and holds it in. It is weightless and will leave your hair with a healthy shine and superior hold. This Eco styling gel is simply incredible. It has no flakes, no tack and is anti itch as well. All the bases were covered with this. It is also alcohol free and contains UV protection too.",1,GHC19.00,NA
GH-000120,ECO STYLING GEL 236ml OLIVE OIL,"Olive oil helps your scalp naturally regulate its own moisturizing system. 
It helps attract moisture to the scalp  and holds it in.
It is weightless and will leave your hair with a healthy shine and superior hold. 
This Eco styling gel is simply incredible. It has no flakes, no tack and is anti itch as well.
All the bases were covered with this. It is also alcohol free and contains UV protection too. 
",1,GHC19.00,NA
GH-000121,BEBE MAMA B/S 275ML,"Specially studied to keep beautiful hair and avoid skin dryness, pomade BEBE & MAMA, enriched with nutritive elements, is recommended for baby's sensitive skin against all irritations. In daily use, it gives a smooth and beautiful shiny hair",1,GHC15.00,09-2022
GH-000122,BEBE MAMA S/S 125ML,"Specially studied to keep beautiful hair and avoid skin dryness, pomade BEBE & MAMA, enriched with nutritive elements, is recommended for baby's sensitive skin against all irritations. In daily use, it gives a smooth and beautiful shiny hair",1,GHC11.00,09-2023
GH-000124,PASSION POWDER-200g,Passion talcum powder remains the No.1 powder brand in Nigeria today. It is used by consumers with various skin types and is suitable for any kind of weather. ,1,GHC15.00,06-2022
GH-000126,MY DEAR  BODY MIST 75ML PERFUME (SUMMER FRESHES),"Handy, Long Lasting Fragrance, Leak Proof, Unique package, ",1,GHC18.00,NA
GH-000129,RICH & PURE BODY LOTION 250ML,"Rich and Pure Clarifying lotion nourishes, moisturizes and revitalizes skin. It provides a radiant tone without irritating it.",1,GHC22.00,11-2022
GH-000136,PERFECT GOLD DAY CREME 60g,"A nurturing day cream that rehydrates, re-cushions and re-activates skin
Unveils firmer, smoother, plumper, more comfortable & younger looking skin
Apply mornings daily to cleansed face and neck, avoiding the eye contour area
Apply with circular motions to allow better absorption",1,GHC38.00,09-2024
GH-000137,PERFECT GOLD NIGHT CREME 60G,"L'Oréal Paris Age Perfect Golden Age Night Cream is concentrated in Neo-Calcium, which encourages the repair of the skin's barrier whilst you sleep. The morning after, skin is visibly fresh, rested and perfectly hydrated. Night after night, the skin gradually regains density and facial contours are visibly re-defined.",1,GHC38.00,09-2024
GH-000138,UB HAIR RELAXER 450ML,"Universal Basic Relaxer is permanent Cream relaxer that help to relax hair efficiently. It works perfectly well on hair and help to achieve a relax hair with ease. It is enriched with argan oil to nourish your hair and keep it healthy. After using this products, your hair is bouncy, soft and very easy to manipulate.",2,GHC14.00,12-2023
GH-000140,OPTIMAL RELAXER M/S 300ML,Optimal relaxer contains a conditioning system with active fruits concentrate and shea butter. Optimal gives you ultra soft silky hair. ,2,GHC18.00,02-2024
GH-000141,7 17 KID RELAXER 233ML,"Soft for children, teenage girls and adult hair. Dazzling by its cream made with the richest ingredients: vitamins and keratin, gently softens and relaxes crispy and curly.",1,GHC11.00,09-2023
GH-000145,WOKALI PAPAYA LOTION,whitening and nourishing lightweight lotion made from papaya extracts,1,GHC39.00,08-2024
GH-000146,WOKALI PAPAYA CREAM 240G,"smoothing, whitening and nourishing body butter made from carefully handpicked fruit petals",1,GHC39.00,07-2024
GH-000147,KARIS BODY & FACE SCRUB 300ML APRICOT GENTLE MOSTURIZING ,"GIves soft exfoliation to remove dirt and other impurities for fresh clear skin with an illuminating glow. Makes skin supple, shiny smooth and bursting with radiance.",1,GHC18.00,06-2022
GH-000148,KARIS BODY & FACE SCRUB 300ML GREEN TEA ANTI-AGEING,"Gives soft exfoliation to remove dirt and other impurities for fresh clear skin with an illuminating glow. Makes skin supple, shiny smooth and bursting with radiance.",1,GHC18.00,06-2022
GH-000149,KARIS BODY & FACE SCRUB 300ML GOLD PERFECT GLOW,"Gives soft exfoliation to remove dirt and other impurities for fresh clear skin with an illuminating glow. Makes skin supple, shiny smooth and bursting with radiance.",2,GHC18.00,06-2022
GH-000149,NIVEA DEO SPRAY DRY IMPACT  150ML,"NIVEA Deodorant “Dry Comfort Plus” – gives you extra anti-perspirant performance for a dry feeling and caring 48h protection against sweat and body odour. ... This unique “DryPlus system” gives you reliable, 48h protection against sweat and body odour.",1,GHC17.00,06-2022
GH-000150,POWER HOUSE ROLL ON  50ML CHROME INTENSE,"Power House offers maximum protection you can rely on, all day long. Our antiperspirants and deodorants are developed to meet different demands for men and women, responding to your body to keep you feeling confident and cool for up to 24 hours.",1,GHC7.00,9-2023
GH-000151,POWER HOUSE ROLL ON 50ML TITANIUM DRY,"Power House offers maximum protection you can rely on, all day long. Our antiperspirants and deodorants are developed to meet different demands for men and women, responding to your body to keep you feeling confident and cool for up to 24 hours.",1,GHC7.00,10-2023
GH-000152,POWER HOUSE ROLL ON 50ML RUBY CLASSIC,"Power House offers maximum protection you can rely on, all day long. Our antiperspirants and deodorants are developed to meet different demands for men and women, responding to your body to keep you feeling confident and cool for up to 24 hours.",2,GHC7.00,11-2023
GH-000156,EPIDERM CREAM B/S 30g,"Epiderm cream and lotion is a combination of betamethasone dipropionate, gentamicin, tolnaftate, and iodochlorhydroxyquinoline.
Healthcare professionals prescribe it to treat several skin conditions associated with inflammation and mixed bacterial and fungal infections. For example, eczema, seborrheic and contact dermatitis, psoriasis, ringworm, athlete’s foot, and skin itch.",3,GHC6.00,06-2022
GH-000163,DOVE BEAUTY CREAM BAR 100g,"While ordinary soaps can strip skin of essential moisture, Dove Beauty Bar has mild cleansers to effectively wash away dirt and germs and care beautifully. Made with our ¼ moisturizing cream, Dove Beauty Bar leaves your body, face and hands feeling soft, smooth, and radiant. You can see why we call it a Beauty Bar.",8,GHC8.00,NA
GH-000165,WHITE SECRET LOTION 300ML,White secret contains ingredients proven to enlighter your skin and remove blackheads and spots. Also contains vitamin E that treats pigmented skin and tashes. Prevents reappearance of dark tashes. Adopted to all skin types.,3,GHC18.00,01-2025
GH-000173,F&W  EXCLUSIVE WHITENIZER CREAM 50ML,"FAIR & WHITE SO WHITE: It has been designed for today's modern young women wanting to pamper and rejuvenate their skin. ... delicately smoothes skins texture, enhancing skins radiance. CLARIFY & MOISTURIZE: Clarifying and moisturizing body lotion formulated to lighten dark areas of the body.",1,GHC30.00,04-2022
GH-000175,MAYBELLINE FOUNDATION SUPERSTAY TRUE CARAMEL,"Foundation makeup is a liquid or powder face cosmetic that helps create an even, flawless skin tone and either a dewy or matte texture. ... Fit Me Matte + Poreless Foundation happens to be the best foundation for oily skin too as its clay-infused formula with micro-powders controls shine and blurs pores.",1,GHC90.00,NA
GH-000176,TEA TREE OIL 30ML,"Tea tree oil is distilled from the leaves of the Melaleuca alternifolia plant, found in Australia. The oil possesses antibacterial, anti-inflammatory, antiviral, and antifungal properties. A person can treat acne, athlete's foot, contact dermatitis or head lice using tea tree oil.",4,GHC22.00,NA
GH-000178,TEA TREE FACE SCRUB 250ML,"Our Tea Tree Squeaky-Clean Scrub is a gentle daily facial exfoliator for blemished skin. Enriched with Community Trade Tea Tree Oil, the scrub gently buffs the skin's surface to remove impurities and dead skin cells. Skin is left feeling smoother, appearing clearer and shine-free.",9,GHC19.00,NA
GH-000179,GLADE AIR FRESHNER,"Glade Room Spray Air Fresheners eliminate odors and freshen the air, making your home uniquely inviting for all. Each is infused with essential oil extracts and comes in a variety of fragrances, ensuring yours will always be an open home.",2,GHC15.00,NA
GH-000181,LISTERINE TOTAL CARE 250ML,"Reduces plaque, maintains healthy gums, strengthens teeth against decay, prevents tartar to help keep teeth naturally white, kills up to 99.9% oral bacteria in lab tests and provides up to 24 hour breath protection",2,GHC25.00,NA
GH-000182,ST IVES SCRUB,"DEEP CLEAN WITH NATURAL EXFOLIANTS: This delicious face scrub is made with 100% natural walnut shell powder and apricot extracts to remove impurities for fresh, beautiful, glowing skin. ... Ives face scrubs are made with 100% natural exfoliants to even skin tone and leave skin clear, soft, and glowing.",3,GHC28.00,NA
GH-0000350,BEAUTY FORMULAS ARGAN OIL CLEANSING FACIAL WIPES (30 WIPES0,Helps cleanses your face by removing make up excess dirt and other impurities. Specially formulated with argan oil to help hydrate your skin helping you feel refreshed. Suitable for everyday use.,2,GHC15.00,NA
GH-000187,BEAUTY FORMULA ACTIVATED CHARCOAL FACIAL WIPES (25 WIPES),Helps remove build up oils and other impurities. Leaves you feeling clean and refreshed. 25 wipes,1,GHC15.00,NA
GH-000188,FEMFRESH WASH 250ML,This gentle daily wash has been specially formulated to cleanse intimate skin whilst helping maintain a healthy pH-balance. The low pH of the intimate area helps to protect against irritation and this can be upset by ordinary washes and shower gels.,4,GHC32.00,NA
GH-000189,FEMFRESH WASH 150ML,This gentle daily wash has been specially formulated to cleanse intimate skin whilst helping maintain a healthy pH-balance. The low pH of the intimate area helps to protect against irritation and this can be upset by ordinary washes and shower gels.,5,GHC19.00,NA
GH-000190,CHARCOAL MOUTHWASH,"Say hello to naturally friendly activated charcoal extra freshening mouthwash. Thoughtfully formulated with activated charcoal (made from sustainable bamboo), coconut oil to moisturize, tea tree oil to cleanse, fresh mint to freshen breath, and xylitol because it rocks.",3,GHC16.00,NA
GH-000194,IRISH SPRING BATH GEL 532ML,Picture yourself being hydrated by a raging waterfall... Irish Spring Moisture Blast body wash is kinda like that. Only fresher.,1,GHC29.50,NA
GH-000195,NIVEA MEN SHOWER GEL 500ML SENSITIVE,For men who want the ultimate energising skin care experience. The energising formula with masculine scent gives your skin a long-lasting fresh feeling. Leaves skin and hair feeling its best. Avoid contact with eye area.,1,GHC25.00,NA
GH-000196,CAREX SHOWER GEL 500ML SENSITIVE,"Cleans, cares and protects you and your family's skin, helping to leave it feeling soft, smooth and conditioned. Miantains the natutral pH balance of the skin. Light refreshing fragrance.",2,GHC16.00,NA
GH-000197,CAREX SHOWER GEL 500 ML ORIGINAL,"Cleans, cares and protects you and your family's skin, helping to leave it feeling soft, smooth and conditioned. Miantains the natutral pH balance of the skin. Light refreshing fragrance.",1,GHC16.00,NA
GH-000202,GOT 2B GLUED YELLOW 50ML,This water resistant spiking glue delivers hold so strong your style will last until your next shampoo. Push through hair to put it in place. Nothing is moving here!,2,GHC35.00,NA
GH-000208,SEBAMED CLEANSING BAR (BABY) 100G,"The Sebamed Baby Cleansing Bar provides 100% soap-free, mild cleansing of baby's delicate skin, making it smooth and soft and minimizing the risk of dryness and irritation. It increases the ability of baby skin to resist environmental stressors. As with the rest of our baby skin care products, our Baby Cleansing Bar supports the development of the acid mantle. This product is free of formaldehyde, nitrosamines, dioxan, and color additives and is arguably one of the most favored and best baby washes for newborns.",1,GHC29.00,09-2022
GH-000212,100%ACTIVATED CHARCOAL  NATURAL TEETH WHITENING 30G,"Teeth powder using natural organic ingredients without adding preservatives,while brighten and whiten teeth, it can also absorb oral odor and fresh breath.",1,GHC19.00,NA
GH-000224,CLERE COCOA BUTTER LOTION 400ML,"For generations, Clere has been trusted to leave skin soft, smooth and beautiful. Enriched with Glycerine and Vitamins E & A, Clere will help keep your skin moisturised and younger looking. You can trust Clere to care for your and your family's skin.",2,GHC16.00,09-2022
GH-000228,SPORTIN WAVES 99.2g,"Restores moisture, goes on light and easy, and rinse out clean. They are formulated for shorter hairstyles and wavy hair. WAVEMAKING: Sportin' Waves is the perfect men styling product for short and brushable hair. For maximum wavemaking formula that doesn't weight hair down.",1,GHC24.00,NA
GH-000229,STYLE UP HAIR CREAM 80ML,"Style Up Hair Pomade sculpt and holds the coolest styles allowing for remarkable shape, texture and control. Ideal for straight or curly hair to enhance its natural features.
Direction of use: Heat up in hands and control your style either wet or dry.",1,GHC10.00,NA
GH-000230,SULFUR-8 PLUS HAIR POMADE 90G,"Sulfur 8 Treatment (old Medicated) H/S conditioner moisturizes and softens dry hair and scalp an beautfiles the hair. Makes hair more manageable and adds sheen. Ideal for natural, pressed and relaxed hair. For the relief of dandruff and dry, itching and faking scalp associated with dandruff.",2,GHC8.00,NA
GH-000231,BELLA LOTION B/S 1L,"Soothes and softens hans, face and body. A blend of natural cocoa butter and pure lanolin in a non greasy moisturizing base helps and protects skin from  the sun and prevents dry and wrinkles.",2,GHC19.00,01-2024
GH-000232,BELLA LOTION S/S 300ml,"Soothes and softens hans, face and body. A blend of natural cocoa butter and pure lanolin in a non greasy moisturizing base helps and protects skin from  the sun and prevents dry and wrinkles.",1,GHC8.00,11-2023
GH-000233,SO WHITE BRIGHTENING  LOTION BODY MILK,"Luxurious clarifying and moisturizing body lotion formulated to lighten dark spots and even out skin tone. Skin Perfecting Lotion promotes skin rejuvenation with potent skin brightening complex, restoring beautiful luminous, silky, soft skin. APPLICATION : Apply to uneven skin tone twice a day on cleansed, dry skin.",1,GHC84.00,07-2022
GH-000235,MAGIC SHAVING  CREAM EXTRA STRENGTH 170G,"Razorless Shaving Cream for Men, No razor needed Hair Removal depilatory Cream that works in 4 Minutes formulated for Black Men. Choose our cream or powder formula to discover a new razorless grooming ritual at home for your beard, face and bald look.",1,GHC27.00,NA
GH-0000352,MAGIC SHAVING POWDER REGULAR STRENGTH 142G,"Shaving powder to cream treatment is a depilatory powder for Black Men to give extra strength towards bump-free and smooth skin. It has rich extracts of Aloe, Vitamin E, and Shea & Cocoa Butter to enhance ultimate comfort and long-lasting effect.",1,GHC27.00,NA
GH-000236,MAGIC SHAVING  REGULAR STRENGTH POWDER 142G,"Razorless Shaving Formulated for Black Men, Shaving depilatory Powder For Coarse Textured hair that works in 4 minutes and helps stop razor burns. Choose our cream or powder formula to discover a new razorless grooming ritual at home for your beard, face and bald look",1,GHC27.00,NA
GH-000239,NEO-VATE 30G CREAM,"Neo-Vate White Cream is used for Inflammation, Pruritus and other conditions. ... Neo-Vate White Cream contains Clobetasol Propionate Topical as an active ingredient. Neo-Vate White Cream works by producing a high degree of glucocorticoid and low degree of mineralocorticoid activity.",2,GHC7.00,07-2023
GH-000241,MOVATE 30G CREAM,"Movate is a Body Cream that produces effective result; It is quick in action to softens, lightens and brightens the skin complexion. Leaving the skin smooth and loving young.",2,GHC7.00,06-2022
GH-000242,LEMONVATE 30G CREAM,"Hydrates while restoring an even skin tone with potent skin brightening properties of Arbutin Complex and protects against environmental pollutants. Exfoliates and softens skin with non-irritating Lactic Acid, revealing a luminous glow. Lemonvate Brightening Cream is formulated in a light creamy texture with firming Vitamin “C” and safe brightening properties of Arbutin Complex to lightly hydrate as it minimizes dark brown spots. Promotes a luminous glow resulting in soft, smooth and even toned skin.",3,GHC7.00,07-2022
GH-000243,PRINCESS COCOA PAA M/S 260ML,"Hand and body moisturizing cream with cocoa butter and lanolin. A specially formulated cream that brings lasting relief to dry and rough skin. It helps protect your skin from the damaging effects of the sun and wind. It is also recommended for stretch marks during and after pregnancy. Everyone can use Princess, to moisturize and smooth the skin on the hands, arms, elbows and legs.",2,GHC10.00,07-2022
GH-000244,PRINCESS COCOA PAA S/S 150G,"Hand and body moisturizing cream with cocoa butter and lanolin. A specially formulated cream that brings lasting relief to dry and rough skin. It helps protect your skin from the damaging effects of the sun and wind. It is also recommended for stretch marks during and after pregnancy. Everyone can use Princess, to moisturize and smooth the skin on the hands, arms, elbows and legs.",2,GHC6.00,11-2022
GH-000254,HOLLYWOOD HERBAL NEEM FACE WASH 150G,"Neem has naturally strong astringent and antiseptic properties and works as an intense detoxifying cleanser that will remove oils while leaving skin feeling cool, refreshed and with a matt look. The emollients in the formula will calm, soothe and moisturize.",2,GHC28.00,NA
GH-000255,CLAIRMAN SHOWER GEL,"Suitable for all skin types, the shower gel CLAIRMEN MAMA AFRICA gently cleans, exfoliates and softens. The microspheres embedded gently remove dead cells from the skin, keeping it nourished and hydrated, leaving it silky and giving it a feeling of freshness and sweetness for the whole day.",3,GHC20.00,NA
GH-000257,PERFECT WHITE SHOWER GEL - 1000 ML,"Deeply cleanses the skin and eliminates impurities.
Exfoliates dead cells and reveals a glowing complexion.
Prepares the skin for your skincare routine.
The skin is soft, supple and radiant",1,GHC20.00,NA
GH-0000353,BODY FASHION SHOWER GEL WHITENING AND EXFOLIATING 750ML,"A dirt fighter, an antioxidant and skin lightening,This shower gel smooths your skin, removes dead skin cells & improves your overall complexion, The special formula contains a tried and tested lightening agents Niacinamide & Vitamin C, which are known for their unique ability to draw out toxins and purify,  Hygienic, Moisturising, Prevents odour, Long lasting fragrance.",1,GHC26.00,10-2022
GH-000258,BODY FASHION SHOWER GEL EXTRA SOFT 750ML,"Cleanses and refreshes your skin, leaving it feeling softer, silkier and invigorated.Extra Soft Gel is sulphate-free and soap-free for cleaning sensitive skin and delicate hair of babies and adults with infinite softness. Enriched with almond blossom extract with softening and moisturizing properties, it reduces the risk of drying the skin and leaves it soft, hydrated and delicately fragrant. ",1,GHC26.00,09-2022
GH-000261,BO 16 1000g, BO-16 Hair relaxer is an all-natural conditioner that moisturizes and strenghthen hair that is gentle to your skin and scalp during the hair treatment relaxing process and add more value to the hair completely and makes it more smooth and beautiful.,2,GHC27.00,10-2022
GH-000264,STAY YOUNG B/S 200g,"Stay young face and body cream is a fast action lightening cream from Ghana. Formulated for woman of color with all natural ingredients. It gives immediate results.
Perfect for difficult skin to lighen skin. This cream can be use by itself or added to your lotion or cream to boost their effectiveness. Visible results in few days.
Key benefits:
Clears hyperpigmentation, acne, black spots. Excellent toning cream, clears black heads and skin blemishes, work on dark patches.
Pro-tip it is advisable to use this cream at night if you are using it by itself and use 2 or 3 times a week by itself because is a very strong cream.",3,GHC28.00,11-2022
GH-000265,AVEENO LOTION B/S 532ml,"Helps prevent and temporarily protects chafed, chapped or cracked skin. Helps prevent and protect from the drying effects of wind and cold weather",1,GHC80.00,
GH-000273,CHINA GREEN DIETERS TEA 18'S 36g,"Herbal. No Caffeine. 100% Natural. During the summer months products may arrive warm but Amazon stores and ships products in accordance with manufacturers' recommendations, when provided.",2,GHC39.00,05-2023
GH-000288,NIVEA DEO SPRAY WOMEN DRY CONFIDENCE 250ML,"NIVEA Deodorant “Dry Comfort Plus” – gives you extra anti-perspirant performance for a dry feeling and caring 48h protection against sweat and body odour. ... This unique “DryPlus system” gives you reliable, 48h protection against sweat and body odour.",2,GHC26.00,08-2022
GH-000289,PRETTY COTTON BALLS 50G,Made from the highest quality. 100 Percent cotton. Contains approximately 100 cotton balls. Gentle enough for delicate skin. For cleaning minor cuts and grazes,10,GHC10.00,NA
GH-000290,JENNIFERS FACE WASH 100ML HERBAL,Contains a moisturizing skin repair formula containing Pro Vitamin B5 Suitable for all skin types Ideal for day-to-day-use,1,GHC9.00,NA
GH-000291,JENNIFERS FACE WASH 100ML SENSITIVE,Contains a moisturizing skin repair formula containing Pro Vitamin B5 Suitable for all skin types Ideal for day-to-day-use,1,GHC9.00,NA
GH-000290,JENNIFERS FACE WASH 100ML MIXED BERRIES,"Contains a moisturizing skin repair formula containing Pro Vitamin B5
Suitable for all skin types
Ideal for day-to-day-use",1,GHC9.00,NA
GH-000299,SURE ANTIBACTERIAL FEMININE DEO SPRAY 250ML,"Protecting you for up to 48 hours from sweat and body odour, this antiperspirant deodorant spray keeps you comfortable as you move. Feel dry and clean with a scent inspired by fresh cotton sheets. MotionSense™ technology helps keep you feeling fresh so you can push past the finish line.",1,GHC26.00,NA
GH-000303,EVERSHEEN LOTION S/S 250ML,Lotion helps relieve streched skin during and after pregnancy. Helps prevent stretch marks. Soothes and softens dry irritated chapped or sun-burned skin.,3,GHC9.00,
GH-000306,RAZAC LOTION B/S 474ML,Razac's hand & body lotion acts as a moisturizer and protectant against weather sensitive skin. It's non-greasy formula soothes and softens the skin intsantly. Apply Razac's hand and body lotion to dry skin and massage thoroughly.,2,GHC24.00,NA
GH-000307,AVEENO LOTION L/S,"Formulated with Colloidal Oatmeal and rich emollients, it helps prevent and protect dry skin for a full 24 hours. This lotion leaves your skin feeling soft, smooth and naturally healthy looking and is gentle enough for everyday use. It's also fragrance free, nongreasy and noncomedogenic.",1,GHC59.00,
GH-000308,AVENO LOTION TUBE S/S,"Formulated with Colloidal Oatmeal and rich emollients, it helps prevent and protect dry skin for a full 24 hours. This lotion leaves your skin feeling soft, smooth and naturally healthy looking and is gentle enough for everyday use. It's also fragrance free, nongreasy and noncomedogenic.",1,GHC29.00,
GH-000310,BEAUTY SECRET BLACK SOAP WITH SHEA BUTTER 350G CONTAINER,"Our pleasant lemon scented black soap shower gel, gently cleanses, exfoliates, and moisturizes your skin and hair, leaving that real clean, fresh feel after use. This convenient usage gel bursts out bubbles of pure goodness is recommended for the improvement of skin tone, scars, acne, psoriasis, and elasticity of skin.",2,18,07-2022
GH-000313,JOHNSON BABY OIL 200ML,"Our Johnson's baby oil locks in up to 10 times more moisture *on wet skin than an ordinary lotion can on dry skin, leaving your baby's skin soft and smooth. It is clinically proven to help prevent excess moisture loss. This gentle baby mineral oil is easy to spread, so it's great for baby massage.",2,17,NA
GH-000316,CARO WHITE LOTION- 300ML,"Evens out skin tone and makes it firmer giving a more radiant complexion
Fights against a dull complexion and diminishes the visible appearance of pigment spots
Hydrates and protects the epidermis
the skin is soft, supple and radiant.",4,15,04-2022
GH-000318,UNIQUE SHADE PURE BLACK CASTOR OIL 120ML,"Unique Shade Black Castor Oil strengthens, thickens and repairs damaged hair. Rejuvenates dry skin instantly, because it's rich in Vitamins E and K and iron",1,28,09-2023
GH-000319,UNIQUE MAN PLUS 60ML,"Unique Man Plus is a herbal Oil that treat's baldness in both men and women. Our other range are Liquid and Solid Alata Samina(Black Soap),Castor Oil ,Virgin Coconut Oil, Almond/A…",2,55,09-2022
GH-000324,HOLLYWOOD NEEM FACE WASH 150ml,"Neem has naturally strong astringent and antiseptic properties and works as an intense detoxifying cleanser that will remove oils while leaving skin feeling cool, refreshed and with a matt look. The emollients in the formula will calm, soothe and moisturize.",2,28,NA
GH-000329,UNIQUE FOODS SESAME SEEDS,"has benefits in balancing of hormones, improving blood pressure, increasing breastmilk supply and helping in management of diabetes",1,17,04-2023
GH-000330,UNIQUE FOODS FLAX SEEDS,"helps with prostate health, hot flushes, rich in zinc",1,15,02-2023
GH-000332,UNIQUE FOODS CEYLON CINNAMON POWDER,"helps manage blood sugar, aids in weight loss and cognitive development",1,17,02-2023
GH-000333,UNIQUE FOODS BROWN RICE,organic brown rice ,1,30,04-2023
GH-000334,VEVO CLARIFYING MILK 450ML,"Effective on fine lines and wrinkles caused by aging of the skin.
It has an express nutritive effect and natural allantoene peeling which allows to generate and effectively plump the epidermis.",3,26,07-2023
GH-000341,PARIDOX (ALOE VERA) BLACK BAR SOAP 150G,"It's made from the choicest of cocoa pods, coconut oils, shea butter and palm kernel oil. Use this product to stimulate your skin's renewal process to give it a youthful look. Effective as conditioning shampoo for natural hair, dreadlocks and refreshed bathing. Effective against pimples and acne. (in this case apply on your face 10 minutes each time before you bath). Clears the skin of any rashes. etc.",9,8,10-2022
GH-000342,COLOUR ME (RED) SPRAY 50ML,"LUXURY FRAGRANCE - Since 1975, Milton-Lloyd have earned an unshakeable reputation for award-winning, luxury fragrances without the luxury price tag. ELEGANT, RICH AND FRUITY - Fresh, top notes of bergamot and watermelon are boosted by floral mid notes of jasmine rose and violet, with base notes of oakmoss, amber and precious patchouli. LONG LASTING - Colour Me Purple contains luxury oils, blended at high concentrations to promise outstanding quality and long-lasting performance. THE COLOUR ME COLLECTION - A trending collection of luxury fragrances and aftershaves by Milton-Lloyd. GENUINE MILTON-LLOYD PRODUCT - Milton-Lloyd works with the world's leading perfumers, using the finest oils, blended at high concentrations to create sophisticated, long lasting, luxury fragrances.
",1,22,7-2024
GH-000343,COLOUR ME (GOLD) SPRAY 50ML,"LUXURY FRAGRANCE - Since 1975, Milton-Lloyd have earned an unshakeable reputation for award-winning, luxury fragrances without the luxury price tag. ELEGANT, RICH AND FRUITY - Fresh, top notes of bergamot and watermelon are boosted by floral mid notes of jasmine rose and violet, with base notes of oakmoss, amber and precious patchouli. LONG LASTING - Colour Me Purple contains luxury oils, blended at high concentrations to promise outstanding quality and long-lasting performance. THE COLOUR ME COLLECTION - A trending collection of luxury fragrances and aftershaves by Milton-Lloyd. GENUINE MILTON-LLOYD PRODUCT - Milton-Lloyd works with the world's leading perfumers, using the finest oils, blended at high concentrations to create sophisticated, long lasting, luxury fragrances.
",1,22,10-2024
GH-000344,COLOUR ME (PURPLE) SPRAY 50ML,"LUXURY FRAGRANCE - Since 1975, Milton-Lloyd have earned an unshakeable reputation for award-winning, luxury fragrances without the luxury price tag. ELEGANT, RICH AND FRUITY - Fresh, top notes of bergamot and watermelon are boosted by floral mid notes of jasmine rose and violet, with base notes of oakmoss, amber and precious patchouli. LONG LASTING - Colour Me Purple contains luxury oils, blended at high concentrations to promise outstanding quality and long-lasting performance. THE COLOUR ME COLLECTION - A trending collection of luxury fragrances and aftershaves by Milton-Lloyd. GENUINE MILTON-LLOYD PRODUCT - Milton-Lloyd works with the world's leading perfumers, using the finest oils, blended at high concentrations to create sophisticated, long lasting, luxury fragrances.
",1,22,10-2024
GH-000345,COLOUR ME (SILVER) SPRAY 50ML,"LUXURY FRAGRANCE - Since 1975, Milton-Lloyd have earned an unshakeable reputation for award-winning, luxury fragrances without the luxury price tag. ELEGANT, RICH AND FRUITY - Fresh, top notes of bergamot and watermelon are boosted by floral mid notes of jasmine rose and violet, with base notes of oakmoss, amber and precious patchouli. LONG LASTING - Colour Me Purple contains luxury oils, blended at high concentrations to promise outstanding quality and long-lasting performance. THE COLOUR ME COLLECTION - A trending collection of luxury fragrances and aftershaves by Milton-Lloyd. GENUINE MILTON-LLOYD PRODUCT - Milton-Lloyd works with the world's leading perfumers, using the finest oils, blended at high concentrations to create sophisticated, long lasting, luxury fragrances.
",1,22,5-2024
GH-000346,COLOUR ME (FEMME GOLD) SPRAY 50ML,"LUXURY FRAGRANCE - Since 1975, Milton-Lloyd have earned an unshakeable reputation for award-winning, luxury fragrances without the luxury price tag. ELEGANT, RICH AND FRUITY - Fresh, top notes of bergamot and watermelon are boosted by floral mid notes of jasmine rose and violet, with base notes of oakmoss, amber and precious patchouli. LONG LASTING - Colour Me Purple contains luxury oils, blended at high concentrations to promise outstanding quality and long-lasting performance. THE COLOUR ME COLLECTION - A trending collection of luxury fragrances and aftershaves by Milton-Lloyd. GENUINE MILTON-LLOYD PRODUCT - Milton-Lloyd works with the world's leading perfumers, using the finest oils, blended at high concentrations to create sophisticated, long lasting, luxury fragrances.
",1,22,12-2024